id,1990,1991,1992,1993,1994,1995,1996,1997,1998,1999,2000,2001,2002,2003,2004,2005,2006,2007,2008,2009,2010,2011,2012,2013,2014,2015,2016
MAR,5.382047903,5.621127665,5.840486176,6.03892922,6.291961537,6.493353377,6.813227952,7.068099443,7.345766245,7.596248238,7.860331698,8.075605121,8.262865644,8.440825496,8.586214549,8.768986984,8.951405827,9.107659067,9.275139947,9.431335011,9.574133203,9.673848782,9.804521578,9.902698993,9.967826015,10.04282592,10.09970807
AFG,2.036989052,2.063253187,2.125623086,2.1591909,2.13559194,2.18514725,2.236982898,2.2196274,2.138685103,2.290703052,2.321828189,2.371142147,2.493927297,2.607417643,2.717528146,2.81040361,2.884350428,2.982745465,3.123399366,3.244660142,3.375686457,3.510006104,3.643867747,3.771139834,3.817751559,3.848249758,3.891479409
AGO,1.579837631,1.624164763,1.650901316,1.600161884,1.707247237,1.779752605,1.813433092,1.834857772,1.855172925,1.855465054,1.882172,1.908348908,1.981214666,2.057676236,2.138515385,2.225408513,2.280781543,2.407006702,2.508910693,2.608339579,2.737826087,2.906446484,3.094471783,3.296094089,3.50507472,3.710035522,3.931599771
ALB,5.617928845,5.601304624,5.600477474,5.607735001,5.667739442,5.79492523,5.970538219,5.362031857,6.221934754,6.344745485,6.460861097,6.564311818,6.639675983,6.68988748,6.732846209,6.781552844,6.805047668,6.791803083,6.746879018,6.735961389,6.781819281,6.806065403,6.825042257,6.827483512,6.819775159,6.799026168,6.798316072
AND,9.667743691,9.67031814,9.664659597,9.736971118,9.762996346,9.873078639,9.988928065,10.10040908,10.21949881,10.3379255,10.40333473,10.47065229,10.53618147,10.53823375,10.46149963,10.45341347,10.42046648,10.39903757,10.32738963,10.22663823,10.12609726,10.04721933,9.955588966,9.8956766,9.813147885,9.742247653,9.739502
ARE,8.854142197,9.182914334,9.46296382,9.730356719,9.953861454,10.20250292,10.44436904,10.65655239,10.97803342,11.20482869,11.49467337,11.80816497,12.06738152,12.35260823,12.59486984,13.02765926,13.47368273,13.46873733,13.38176325,13.25114806,13.08394629,12.80419419,12.57736207,12.3747153,12.1650645,11.98211703,11.8837953
ARG,7.627851606,7.760130793,7.88790855,8.032396027,8.199831732,8.305970242,8.372863352,8.447541276,8.481402058,8.556908611,8.642453383,8.703487893,8.757464624,8.828902938,8.948535969,9.058828915,9.083323011,9.047622178,9.085615118,9.081268971,9.102548137,9.140020939,9.160375278,9.198969214,9.261771003,9.298942129,9.345871899
ARM,5.264381911,5.249394745,5.073269588,5.016489855,5.085499543,5.201361798,5.30656732,5.493750195,5.622580669,5.73475279,5.8821152,5.938690301,6.043986735,6.030919673,6.044558298,5.971460518,5.939939666,6.052006281,6.007044292,6.04854362,6.144294684,6.227532587,6.332020787,6.492775403,6.545580055,6.49566866,6.579250317
ASM,5.762740658,5.783486341,5.810499892,5.864683457,5.89216431,5.926850228,5.95927856,5.996810709,6.026438937,6.084313705,6.161377318,6.204051823,6.23329553,6.124050743,6.230710866,6.276814537,6.327708934,6.412953731,6.528656458,5.867186499,6.635406352,6.604286627,6.628252554,6.610207328,6.63708476,6.669054742,6.71110998
ATG,8.63215284,8.677451978,8.702201903,8.682396353,8.673642008,8.659344612,8.725080936,8.887583891,8.959901194,8.910540112,8.825020883,8.860811261,8.934847912,9.012618958,9.055319873,9.183144282,9.221342055,9.337313662,9.432558731,9.537937088,9.51641391,9.50946976,9.500317374,9.547622732,9.405251895,9.465768401,9.466439438
AUS,12.22292166,12.44146748,12.58911484,12.77236393,12.93250036,13.10712366,13.234423,13.45966566,13.65447706,13.77907629,13.80818146,13.7987783,13.81526579,13.92469697,13.99742942,14.07655106,14.06260995,14.0825162,14.11560771,14.17030351,14.16743292,14.21746158,14.28167947,14.35331456,14.35620054,14.30241829,14.24660173
AUT,8.023014255,8.172687875,8.337772374,8.499866303,8.634052926,8.766067009,8.908260749,9.026526249,9.143243498,9.249769262,9.393075761,9.526456083,9.590615432,9.713475918,9.832656734,9.895429091,9.992042677,10.05240439,10.09128625,10.05738183,10.04285233,10.05825185,10.03336563,10.03812113,10.06771422,10.03257004,9.986040928
AZE,4.512088891,4.539183671,4.311770416,4.46185304,4.500055722,4.803463839,5.02196671,5.189494409,5.334080163,5.504830659,5.686150854,5.921306949,6.045129475,6.027877511,6.056526885,6.087319737,6.153432211,6.241251932,6.246786448,6.344129865,6.434121585,6.59873659,6.659687282,6.825891478,6.922928309,6.989912348,7.088214601
BDI,1.569858416,1.576233749,1.581327827,1.282349826,1.616550076,1.600542103,1.59465813,1.633167914,1.668004445,1.719080684,1.750803721,1.838921957,1.911067205,1.997864943,2.100248234,2.200337921,2.311843895,2.41833239,2.501570808,2.574258904,2.635302394,2.684519735,2.755302555,2.826557841,2.888392773,2.963861881,3.043702506
BEL,7.728480745,7.776773367,7.867461568,7.912168708,7.986770879,8.028260261,8.125340327,8.224056571,8.302496738,8.365848522,8.420894474,8.488411687,8.561041592,8.675736698,8.813568213,8.901990528,9.026590494,9.096974936,9.160331445,9.242543188,9.332784893,9.416162069,9.452860723,9.520291408,9.614746342,9.560031987,9.533630707
BEN,1.682181494,1.716649641,1.771656619,1.816924654,1.846545276,1.882957938,1.90992592,1.958134251,2.005659718,2.054510967,2.10369877,2.151717492,2.228688493,2.288170289,2.355411303,2.424615431,2.492691567,2.5690648,2.65786,2.758496493,2.846385254,2.941990093,3.031121035,3.125654369,3.224500275,3.349230356,3.47434592
BFA,1.319650515,1.332018721,1.345153042,1.363697861,1.379451442,1.388232168,1.374827948,1.420153423,1.464970077,1.500222937,1.527513358,1.55772009,1.597521553,1.642790638,1.688117913,1.74349966,1.785520265,1.836117272,1.902823645,1.969086423,2.027964317,2.112682564,2.197548437,2.298393425,2.399789361,2.505519197,2.600708499
BGD,2.619963616,2.466870943,2.897862892,3.054075878,3.222985212,3.366051299,3.572244441,3.783897429,3.988907482,4.21046361,4.367693205,4.53484733,4.700584546,4.865934265,5.037259512,5.202301248,5.386217563,5.543125704,5.791780412,6.013826003,6.214079711,6.441838935,6.612087005,6.819226153,7.025458425,7.23712291,7.445887421
BGR,5.199320986,5.140419955,5.100428257,5.061089025,4.991640578,4.964469379,4.904229037,4.823612814,4.896782302,4.958627119,4.956219881,4.966956295,4.982505693,4.975639308,4.947275645,4.905781416,4.875827989,4.884918925,4.911842402,4.92486743,4.946232931,5.006123954,5.058195619,5.081096383,5.058122097,5.036150675,5.028234783
BHR,9.348079406,9.462955079,9.544220382,9.719992601,9.989969291,10.21332882,10.68416996,11.00601376,11.11668477,11.18411608,10.75102768,11.44934241,11.82523954,12.09204464,12.32026812,12.64294317,12.78721145,13.45564416,13.8459929,14.13907028,14.35307762,14.09935345,13.95995849,14.03261206,13.95393407,13.88101434,13.81026146
BHS,7.296128102,7.33388052,7.241353781,7.24596426,7.066580064,7.058591043,7.107283771,7.154960786,7.193117452,7.180146091,7.208295512,7.246500878,7.277411685,7.468509305,7.622261123,7.638940716,7.717320369,7.782482138,7.767480683,7.760678403,7.747582481,7.681583696,7.59725069,7.55153319,7.51367531,7.380452322,7.42011866
BIH,7.577710303,7.582386693,6.402726151,5.891667851,6.396566716,5.810963307,7.335834416,7.427453942,7.505653439,7.573674387,7.600499485,7.531668814,7.425964101,7.294966388,7.223836389,7.182222659,7.130268358,7.04216766,7.002719897,6.9689979,6.962648493,6.882267177,6.842132893,6.77908497,6.68294837,6.680338331,6.715660193
BLR,8.017525574,7.912036665,7.806393724,7.612795834,7.531921634,7.415528119,7.420224336,7.383892072,7.358190585,7.326972769,7.435505894,7.386468725,7.331614138,7.424989607,7.502026326,7.546072877,7.6613473,7.786588894,7.822609964,7.829372237,7.864458139,7.903150767,8.226958059,8.40489316,8.586055715,8.627038252,8.688146095
BLZ,5.212048113,5.29119408,5.528498957,5.715984124,5.884921991,6.045160008,6.198265253,6.075521226,6.127092729,6.086177254,5.992880371,5.993493267,6.265659016,6.453226331,6.644847485,6.829371276,6.972627908,7.109500192,7.160707941,7.189624616,7.220186668,7.310139542,7.393953465,7.485733696,7.556839446,7.631865444,7.681127394
BMU,7.614992771,7.603478742,7.520188496,7.470110401,7.58633868,7.986926523,8.000214273,8.413785973,8.560079719,8.540173313,8.366061255,8.794862948,8.899964539,8.941228458,9.198237682,9.347756613,9.316245098,9.438779875,9.554870405,9.649769253,9.767938769,9.884483826,9.985820555,10.07337454,10.10518346,10.25927822,10.36273444
BOL,3.039149289,3.158107372,3.254008862,3.394051858,3.550633625,3.695664571,3.852659543,4.00623604,4.17735328,4.363823372,4.543171054,4.726011147,4.886007842,5.046739757,5.214153208,5.36942885,5.537124443,5.67863534,5.854374524,6.009714004,6.173840894,6.306983554,6.459674904,6.579304182,6.721257591,6.848435907,6.986316993
BRA,6.743543482,6.950596386,7.115859398,7.290003524,7.468828073,7.65235054,7.955828195,8.270008317,8.580284432,8.881295338,9.226469771,9.453677431,9.619466431,9.754999185,9.892676937,10.03407071,10.05395702,10.05063024,10.04636784,10.01693633,10.00845032,10.00477267,10.00904991,10.01045919,9.995145674,9.981518214,9.973130032
BRB,7.307213594,7.297901621,7.256300617,7.215414842,7.138749539,7.159326287,7.218997987,7.258428846,7.286658286,7.30587653,7.214294459,7.320904373,7.370040132,7.406284782,7.424473995,7.423891244,7.424529718,7.439668826,7.474017561,7.469138334,7.42409088,7.363800807,7.362923131,7.306555603,7.216227787,7.124407991,7.061364067
BRN,8.524809947,8.500965116,8.565292733,8.645273609,8.748058802,8.832602177,8.980416952,9.213375077,9.464123328,9.677185702,9.812028279,9.896851118,10.00368798,10.08282087,10.08878941,10.04861236,9.963939817,9.871754028,9.887203559,9.862153379,9.910146031,9.754466043,9.597583786,9.463832996,9.329827055,9.216641839,9.142057275
BTN,2.416550219,2.467995629,2.538171911,2.617224922,2.685813942,2.809000269,2.967053693,3.099605832,3.252163914,3.427130195,3.435058782,3.791137327,4.02539878,4.268958244,4.528934968,4.79522285,5.049188209,5.299444454,5.568378554,5.792604088,6.10435935,6.380410313,6.663486153,6.920835095,7.167637434,7.395158243,7.605347765
BWA,5.105117655,4.975108201,4.72205535,4.40300634,4.035049467,3.627461497,3.325504573,3.057400389,2.825312015,2.620176845,2.447893362,2.358567001,2.295002792,2.296601982,2.372475901,2.538678193,2.748354493,2.947678953,3.176453892,3.469084335,3.79903345,4.161203938,4.50266002,4.930765265,5.262031739,5.532199893,5.780097704
CAF,1.800653539,1.804500857,1.802489598,1.781632789,1.763350869,1.732461661,1.703486203,1.676545317,1.674059264,1.664523211,1.645773397,1.644852932,1.659396355,1.670635447,1.683479242,1.702560344,1.730416952,1.760892804,1.806416625,1.852754767,1.897439985,1.949692504,2.003481392,1.944712339,1.977427402,2.103189931,2.154699429
CAN,10.785769,10.86538257,10.9196192,10.93724358,10.95352137,10.99470939,11.06841705,11.16110703,11.2275666,11.27028515,11.32135475,11.39988871,11.43821964,11.45400419,11.47538738,11.48467426,11.54317107,11.59142469,11.65707251,11.72691178,11.78576535,11.83850684,11.83370862,11.79207278,11.74390862,11.67395814,11.64363749
CHE,10.09094246,10.16165161,10.27890441,10.3884977,10.44776733,10.43159536,10.47731457,10.45439791,10.4268362,10.40649544,10.37061051,10.39449105,10.39560877,10.39910492,10.47829877,10.48559886,10.46326363,10.47458303,10.50056831,10.4699194,10.46804434,10.54798935,10.5372476,10.59338537,10.7019909,10.71265395,10.7189674
CHL,9.62230357,9.976230042,10.32042979,10.46051481,10.56020422,10.61547594,10.75773286,10.968721,11.1060194,11.22124354,11.34720575,11.38695355,11.45291896,11.49536967,11.52687394,11.60766225,11.62520484,11.57329445,11.53367353,11.38867981,11.22045717,11.28717801,11.30037184,11.28517961,11.3003024,11.28421895,11.31234392
CHN,6.001048195,6.156535746,6.303364031,6.447037349,6.593199923,6.72782616,6.869060443,6.995638045,7.134175198,7.267111589,7.383366435,7.437946055,7.499751593,7.669234452,7.791238095,7.901296382,8.08797149,8.219802638,8.211142528,8.386483823,8.457611038,8.527881156,8.585270767,8.590546605,8.546465484,8.577682194,8.624842028
CIV,1.878921194,1.895519303,1.904629879,1.904932437,1.908705346,1.901919516,1.916521528,1.934561583,1.940417294,1.947091282,1.957438171,1.975315626,1.999418768,2.019992149,2.042763851,2.076777546,2.121954936,2.174489879,2.233959296,2.298836064,2.36627604,2.441993323,2.508538554,2.618546693,2.708968621,2.804696015,2.922779178
CMR,2.120946413,2.111104942,2.111732579,2.095488399,2.087135984,2.075438983,2.07002853,2.067167473,2.063207501,2.08155452,2.089090443,2.10705263,2.131971231,2.156561398,2.188270593,2.22257701,2.26879221,2.312152176,2.371192275,2.432968183,2.496340519,2.558999865,2.646783846,2.737362378,2.81649715,2.917146837,3.013195211
COD,1.9450156,1.938842593,1.954396295,1.956108538,1.941954374,1.956856266,1.832344573,1.913351308,1.931462313,1.961861478,1.99497467,2.020331552,2.028444857,2.068923865,2.142492105,2.194035625,2.249355229,2.288863155,2.346690808,2.405200614,2.490616441,2.565403461,2.647757521,2.760234095,2.880557539,3.018167784,3.142543134
COG,2.560693034,2.56607464,2.571049598,2.491066851,2.485806749,2.447608419,2.423433947,1.890831111,2.184096347,2.359571293,2.413290184,2.480032051,2.530709353,2.591951497,2.68683547,2.780541771,2.891081285,2.963857031,3.075753714,3.185540969,3.309667341,3.427825794,3.520426631,3.615819179,3.737563734,3.828581673,3.924625651
COL,5.421014742,5.364699897,5.424553316,5.551585372,5.661403391,5.826034007,5.965360543,6.207222004,6.386957807,6.450829959,6.560161159,6.614563908,6.701212071,7.074853094,7.193803422,7.428814505,7.497001253,7.643572937,7.650263643,7.595697692,7.67933379,7.898949085,8.004850082,8.115914936,8.194858349,8.245665496,8.311792348
COM,2.424373977,2.498025334,2.579551752,2.654647855,2.721745781,2.788606501,2.743980677,2.874301486,2.866727864,3.0184088,3.037189809,3.203243759,3.243941256,3.393880947,3.490421847,3.572141213,3.661041291,3.714756471,3.905348357,3.886195856,4.154395493,4.180640366,4.403355542,4.587767053,4.799400029,4.978606234,5.138001358
CPV,4.009353505,4.091151835,4.195721161,4.314692758,4.447527076,4.072617292,4.735223021,4.894783393,5.064327454,5.224333244,5.454151867,5.64468806,5.829656341,6.011321981,6.215887016,6.402779419,6.601422041,6.66606421,6.995651085,7.17281497,7.340916913,7.52451792,7.653338011,7.835464982,8.024574844,8.157710403,8.382074818
CRI,8.282034705,8.357365937,8.49996806,8.602980013,8.677146098,8.723228931,8.778697784,8.877857185,8.979876345,9.079983235,9.168467208,9.27180445,9.366629762,9.454260638,9.55001717,9.632160901,9.73059173,9.820146068,9.846216486,9.839412472,9.832942315,9.854334126,9.844962493,9.848778731,9.84514351,9.855106207,9.891450157
CUB,8.976378669,9.066361469,9.13610161,9.138971124,9.164957111,9.233289656,9.306182949,9.334196082,9.440833272,9.523125661,9.614358917,9.67363411,9.722360087,9.735678387,9.712681555,9.708390805,9.716907406,9.703324279,9.660845248,9.603699446,9.528151889,9.490912334,9.443626151,9.393191503,9.328299259,9.277458987,9.221753021
CYP,8.063113222,8.00499359,8.074516973,8.12371252,8.04304044,8.111329031,8.23681942,8.263142124,8.296377586,8.367665388,8.438623106,8.578890629,8.669596232,8.775579739,8.837315273,8.879325655,9.139586721,9.221284786,9.325795347,9.415138252,9.530169361,9.695894452,9.877957341,9.914504417,9.857865981,9.839427341,9.839532485
CZE,5.437548366,5.519250213,5.622251541,5.741565642,5.866153212,5.996222928,6.119492228,6.231367968,6.321321018,6.391494623,6.476728805,6.511520983,6.524369038,6.552904483,6.60252858,6.670323661,6.711490675,6.72280878,6.741536718,6.719686952,6.733109396,6.742039842,6.758809245,6.787262886,6.831391768,6.892323005,6.901755808
DEU,8.351103805,8.499414196,8.670843702,8.787525742,8.890117374,8.979689751,9.031487244,9.088817913,9.137011733,9.144760894,9.16677707,9.165579722,9.155735678,9.147412598,9.168670567,9.149318169,9.156436254,9.154868523,9.144645878,9.112296148,9.095645833,9.063827275,9.044179533,9.02774516,9.031890474,8.988952947,8.936208509
DJI,2.343819971,2.329321338,2.314053696,2.318759792,2.310574829,2.383687478,2.416961934,2.429190953,2.489328056,2.522400846,2.559758301,2.632129319,2.689049282,2.761721043,2.815905681,2.912882386,2.944148095,3.05767305,3.154230156,3.254234507,3.35005245,3.461494377,3.584992589,3.724354383,3.879672505,4.030024658,4.239848113
DMA,7.415417914,7.318638139,7.258811694,7.212829039,7.18840172,7.2050555,7.265507105,7.344528203,7.408316535,7.493221066,7.613020013,7.642778007,7.650515642,7.628100246,7.714789536,7.720035465,7.702819665,7.656878525,7.649926675,7.59085123,7.35572149,7.309710682,7.232181933,7.128420438,7.063727904,6.631157889,7.198725518
DNK,8.285213633,8.303521345,8.304436892,8.303308166,8.291394112,8.316551247,8.461676645,8.578566272,8.700313159,8.817119907,8.979173441,9.089877478,9.183760765,9.273217126,9.41565378,9.544507326,9.650740999,9.755126856,9.858915289,9.91664353,9.959416884,10.03383401,10.06671538,10.09578451,10.10662314,10.09334606,10.05775551
DOM,5.472691723,5.589381092,5.714662904,5.830005032,5.941055971,6.05030322,6.134516272,6.308987714,6.389140735,6.570508383,6.664287576,6.728114559,6.768447834,6.773790882,6.645787555,6.733689651,6.831457814,6.94239563,7.099747313,7.20482753,7.283264448,7.306343619,7.442732542,7.559842071,7.686978241,7.823378697,7.95695117
DZA,5.744678258,5.980865883,6.169611196,6.306464528,6.413829604,6.502270972,6.757629439,6.85266097,6.924115513,7.164073544,7.332057017,7.478087225,7.660838756,7.733581513,8.016377267,8.189574076,8.343414844,8.45697583,8.604467525,8.691962837,8.839763233,8.954388732,9.080056182,9.17810395,9.259423034,9.403642086,9.536583538
ECU,5.861021096,5.932607042,6.142308913,6.242635229,6.452390917,6.539004987,6.713179499,6.917337767,7.058039675,7.243112979,7.365082747,7.497359321,7.612283287,7.73045177,7.846998809,7.971625755,8.084732567,8.175406336,8.298878838,8.419422909,8.549011692,8.697316364,8.800958179,8.90677038,9.023457948,9.118892551,9.062022543
EGY,3.880464592,4.000716238,4.203552591,4.450349428,4.64144568,4.903677329,5.122785615,5.308051199,5.48463069,5.618012523,5.768606807,5.826328224,5.920384564,6.000791258,6.092131303,6.168373345,6.231109055,6.353746506,6.406385988,6.439390322,6.515812048,6.666328801,6.764120766,6.960136288,7.096734955,7.195274972,7.369970551
ERI,1.929326223,1.984863867,2.070613666,2.175610122,2.298709799,2.429368218,2.565299291,2.704730558,2.831231907,1.879347397,2.869748411,3.125967948,3.208227384,3.262913781,3.303256622,3.328702316,3.377683904,3.416477656,3.461596397,3.520273038,3.581751369,3.691061302,3.812144458,3.935904852,4.097644832,4.258204038,4.418915822
ESP,9.237470297,9.298953302,9.364741411,9.404605721,9.478701289,9.496788721,9.553807867,9.651429611,9.687592485,9.671922949,9.681676032,9.713946339,9.728422292,9.762839663,9.850896829,9.912355073,10.02686427,10.12270478,10.22128257,10.29692305,10.33999299,10.35686914,10.33701796,10.36317122,10.36775883,10.29807524,10.22823584
EST,9.215329092,9.085269557,8.930505375,8.507185916,7.944511168,8.043100759,8.443254061,8.444740367,8.343149974,8.668323111,8.874852761,8.894061513,9.041250383,9.238887887,9.447465965,9.582749606,9.592469938,9.593492308,9.805041394,9.991046613,10.30171205,10.38800422,10.39233916,10.41450776,10.28690229,10.27133888,10.26476797
ETH,1.608108022,1.713603143,1.767267927,1.80916702,1.846839543,1.887597744,1.949666661,2.010105731,2.062983846,2.047944397,2.066904477,2.265803556,2.356569043,2.443731001,2.551993005,2.662807313,2.807871897,2.988180967,3.190111103,3.390012373,3.59031915,3.831058509,4.067426208,4.322776607,4.606217014,4.779497887,4.961159762
FIN,9.309152452,9.42756435,9.571289099,9.774221341,9.98308817,10.17687112,10.43315841,10.61327686,10.80562132,10.94543334,11.10170051,11.19142524,11.24189688,11.29143402,11.36897925,11.42035212,11.46802912,11.50928677,11.53554944,11.52565362,11.48648554,11.4526486,11.40899609,11.41162929,11.38643543,11.3830945,11.36743913
FJI,4.615642403,4.632679611,4.640840665,4.585098882,4.58150246,4.558569429,4.512287943,4.457789202,4.463384006,4.427899521,4.463441076,4.488193233,4.503430719,4.493004063,4.481603303,4.455915207,4.449745633,4.455595871,4.459679645,4.470753034,4.522485551,4.547817827,4.507578438,4.492522324,4.465512359,4.439326941,4.404655114
FRA,9.72117263,9.749548674,9.807498255,9.834796457,9.855562362,9.859163591,9.93882237,10.07584257,10.12536801,10.19874701,10.29438563,10.36442205,10.44888159,10.50616728,10.62546889,10.68481801,10.76142859,10.82187292,10.86493771,10.90817917,10.94636997,10.97327602,10.94084979,10.93594127,10.92959559,10.86947856,10.81377927
FSM,3.567324177,3.673796999,3.774982207,3.876245823,3.967208204,4.082065981,4.191521332,4.292782712,4.394825107,4.50736933,4.417189872,4.704773013,4.411905472,4.837080795,4.88716983,4.884564197,4.912661808,4.916491746,4.935755354,4.923511866,4.905706268,4.925763809,4.955604604,4.957873011,4.918253385,4.883383025,4.922289484
GAB,3.170136449,3.239959152,3.304643072,3.309912271,3.316114382,3.335958008,3.31719272,3.387021835,3.404023056,3.368597247,3.335032997,3.298224751,3.335317092,3.354385977,3.362762886,3.457525395,3.54023746,3.657436522,3.731662861,3.831678652,3.963647886,4.060679748,4.207267848,4.347502435,4.534789884,4.705921193,4.860808792
GBR,7.887884963,7.999660132,8.118772114,8.210057457,8.367546138,8.476879775,8.615531129,8.751966231,8.883589384,9.019154423,9.182589526,9.29113322,9.357521366,9.393377876,9.555761111,9.661779369,9.791273509,9.901212547,10.00188649,10.10060256,10.15418031,10.20306755,10.2057692,10.20998609,10.22621136,10.22551314,10.19562758
GEO,5.093667432,5.0820672,4.950352324,4.888148558,5.22054285,5.429906388,5.622864925,5.65352874,5.667851305,5.660675066,5.654460969,5.661302509,5.541482185,5.410251114,5.279860446,5.319294825,5.354455251,5.383580496,5.238335051,5.284900784,5.277675537,5.269733231,5.283754328,5.302240085,5.35583298,5.418551419,5.477352508
GHA,2.300475199,2.353744502,2.41048641,2.487636526,2.50466308,2.578758763,2.636349593,2.641627833,2.721893628,2.750104622,2.773896101,2.790127571,2.823561745,2.858630202,2.907019642,2.951049284,3.001644951,3.064870367,3.129976809,3.194748539,3.257317921,3.396129928,3.578435736,3.746748293,3.901307619,4.075604443,4.25271497
GIN,1.471951485,1.514057375,1.547151847,1.585705175,1.604222205,1.63708384,1.677861973,1.710633155,1.737557902,1.763402231,1.802774939,1.836942375,1.882662623,1.925203808,1.96938557,2.016743813,2.064496554,2.119474734,2.190015297,2.252531038,2.323148171,2.405659716,2.48252463,2.572335678,2.599787979,2.733403918,2.842773573
GMB,2.346196496,2.379758051,2.419414814,2.462705867,2.505775948,2.547012935,2.589896041,2.605242416,2.693824486,2.741088566,2.793311435,2.871484682,2.936491916,3.025495235,3.115118221,3.165020236,3.256068286,3.312880262,3.420198394,3.512213684,3.621450906,3.743236352,3.869432419,3.973127591,4.07780268,4.21686958,4.344527883
GNB,1.473503372,1.508822409,1.539769294,1.574876763,1.577005796,1.646873883,1.676828918,1.628819283,1.69764875,1.733341426,1.838009246,1.883397001,1.923030787,1.966710549,2.002797616,2.001146745,2.100211459,2.172366314,2.207661619,2.302867496,2.392150511,2.486248576,2.578257716,2.675986187,2.767005084,2.874016136,2.988666524
GNQ,1.71516155,1.699434206,1.707512107,1.72123161,1.732141965,1.759441927,1.83290449,2.036621856,2.186893781,2.317395968,2.478473429,2.667901915,2.831368902,2.926882781,3.019307855,3.05172269,3.22129239,3.307676763,3.390097607,3.481762757,3.599714909,3.683976747,3.835113293,4.143542241,4.391401515,4.527763094,4.616065092
GRC,8.50440465,8.583275692,8.650388386,8.764976933,8.912390683,9.015789718,9.123713916,9.214575244,9.29453021,9.35478369,9.472945694,9.603532159,9.648640412,9.631580567,9.637287616,9.655235248,9.698876313,9.648240072,9.63142275,9.565827951,9.499862867,9.375521905,9.245576992,9.191739817,9.087177601,8.970744456,8.885299118
GRD,5.96070461,6.160560132,6.280217813,6.420164541,6.496209946,6.585777525,6.690664642,6.721183843,6.755329547,6.801766545,6.835907035,6.837356405,6.857725882,6.902485682,6.741300536,7.01268479,7.08852505,7.168314264,7.202066718,7.228375276,7.150311013,7.113569417,7.069305826,7.045692773,7.031296065,7.052828231,7.134241063
GRL,8.40927159,8.619778805,8.819952615,9.136016209,9.437468985,9.61873832,9.702782501,9.760858506,9.909025976,10.10606591,10.31811042,10.37775511,10.46918008,10.45937672,10.48047539,10.62043152,10.84573908,11.09625963,11.15689653,11.11825725,11.11916687,11.27579831,11.51648193,11.55421954,11.52460894,11.36270331,11.24817151
GTM,4.509525743,4.697466468,4.904306302,5.118891443,5.346408662,5.559241797,5.748789287,5.898068569,6.000875612,6.17590309,6.302416518,6.416713246,6.577055062,6.696633832,6.805900775,6.873467117,7.018709934,7.128183497,7.242994068,7.334560131,7.458695755,7.653011464,7.836925392,8.003952783,8.130094862,8.312126479,8.455780616
GUM,7.652044824,7.603152812,7.583549271,7.557548779,7.538552129,7.588651042,7.58158612,5.751295151,7.56896964,7.542932498,7.506723464,7.443937128,7.358635067,7.265491402,7.102178212,6.968290102,6.826730082,6.640013486,6.481979992,6.355138151,6.245572928,6.197123382,6.125691679,6.065678411,6.025192371,5.992205092,5.987960518
GUY,5.127753426,5.163276193,5.220885086,5.279668779,5.33114589,5.384773335,5.472632874,5.605792328,5.683641535,5.741662644,5.790811322,5.772933478,5.768632834,5.761507759,5.777450091,5.777518079,5.891935417,5.968169076,6.034362248,6.154939626,6.191017229,6.244538387,6.306519999,6.419149994,6.519623131,6.589054694,6.831836826
HND,3.984272982,4.171990392,4.335459554,4.433969818,4.627362574,4.781039329,4.956129728,5.115589476,3.539580766,5.387730932,5.52778231,5.672597604,5.82346568,5.940571492,6.087075678,6.241878659,6.38042163,6.512674734,6.595348017,6.708281789,6.742261213,6.867624269,6.884385677,7.045899081,7.14436567,7.242223443,7.342064489
HRV,6.263599107,5.725847,5.876738849,6.1202215,6.242595374,6.107327188,6.27919598,6.296887496,6.321355158,6.349165673,6.399632193,6.471497098,6.508061937,6.572583316,6.622896591,6.664074312,6.680709519,6.697173625,6.687888124,6.685491973,6.695444237,6.685863998,6.696042317,6.716464948,6.718386786,6.675131408,6.635822092
HTI,2.125921571,2.180083763,2.248669118,2.270256574,2.338899604,2.428184432,2.493312728,2.547660183,2.619304106,2.696684672,2.778257284,2.851927455,2.907810561,2.93866291,2.809317177,3.004372572,3.063742319,3.14497616,3.21994354,3.350177542,1.143341611,3.457429726,3.724755304,3.934859788,4.13355748,4.290069785,4.331447912
HUN,5.444953475,5.444049025,5.515383264,5.582575609,5.665669785,5.74634161,5.739386432,5.781645993,5.763840196,5.743630626,5.708995997,5.712660519,5.725407549,5.734100115,5.731513129,5.757358642,5.772391974,5.757300452,5.77955402,5.809812379,5.87158678,5.871984602,5.899730603,5.919290858,5.909330926,5.886045975,5.891553526
IDN,3.336423174,3.450153469,3.55713285,3.659535306,3.7729016,3.882372223,3.998387827,4.098499308,4.180306448,4.247044109,4.320198251,4.41970106,4.502298648,4.588864975,4.169307017,4.758153475,4.83202842,4.914217849,4.993197813,5.07749444,5.17239684,5.288520016,5.400148523,5.506679945,5.608030682,5.706214037,5.787756379
IND,2.949175734,3.036201479,3.11886196,3.202786903,3.292097438,3.374561634,3.458819252,3.53835176,3.625042907,3.712413886,3.802361543,3.893507823,3.996519778,4.099270223,4.200067227,4.317926914,4.399356133,4.486206245,4.574417382,4.667602321,4.761745073,4.878508142,5.006234463,5.138071669,5.290669219,5.432911942,5.580423163
IRL,8.504357858,8.677906714,8.877205213,9.058247215,9.27083375,9.409159518,9.642210532,9.815631019,9.999956815,10.16562667,10.37955244,10.68777043,11.01789462,11.31670736,11.59782892,11.9661422,12.27668701,12.52613463,12.58668338,12.5449156,12.60072822,12.52008465,12.43580369,12.37949538,12.25740057,12.11797397,11.97453974
IRN,5.406608752,6.455920782,6.93982895,7.392405416,7.872799138,8.298502346,8.682083821,9.01749663,9.409998358,9.728230894,9.941824114,10.07572953,10.2339115,9.302581878,10.52513232,10.74083249,10.99309192,11.17579476,11.32742393,11.44773619,11.60577863,11.77527226,11.87918653,12.02398678,12.20240991,12.46705487,12.66615708
IRQ,4.919592005,4.151502764,5.002873356,5.083209547,5.12849422,5.141687306,5.233017515,5.24480849,5.498946807,5.64524631,5.745560429,5.975013557,6.039207699,5.563651883,5.639023716,5.439779976,5.075091065,5.14073387,5.685875802,5.860969525,5.931041207,6.025895647,6.139580065,6.103338919,5.886765572,6.126883462,6.234530158
ISL,9.863224273,9.949996406,10.09502846,10.16749659,10.19344851,9.971632989,10.30015246,10.37217977,10.48932343,10.59690934,10.72295807,10.84090533,10.9064609,10.97176373,11.01701966,11.10416024,11.18139666,11.3185485,11.41168126,11.36610574,11.29714645,11.29424657,11.25426048,11.22890513,11.18282499,11.1796543,11.13924001
ISR,8.49508319,8.5506486,8.598161161,8.709501872,8.777783574,8.959774653,9.105405772,9.208153798,9.352279705,9.48111996,9.577032427,9.558145568,9.415053858,9.649269354,9.73470408,9.873980655,9.771683111,9.910116944,9.9370101,10.01243804,10.28361958,10.31090171,10.36086885,10.37961862,9.764702976,10.2547686,10.23314041
ITA,8.740510871,8.755464554,8.786850265,8.787981679,8.802566277,8.830023795,8.81834758,8.880753042,8.887673883,8.904573532,8.915608726,8.922913228,8.906192839,8.860305933,8.988472251,8.967997769,8.952390216,8.96552323,8.991322529,8.974043922,8.98854078,8.945852315,8.896749931,8.911697187,8.842328864,8.770662422,8.684662036
JAM,6.420695849,6.503948695,6.534668894,6.564511796,6.605904167,6.623544606,6.631284331,6.628659082,6.636769626,6.622087358,6.630664451,6.576310771,6.726998049,6.804955908,6.847335168,6.932956785,7.083985279,7.096593177,7.088881898,7.056983219,7.0570277,7.095149864,7.11631542,7.132761098,7.133105907,7.136043928,7.114971692
JOR,6.772251256,7.022727024,7.251374969,7.401306449,7.565962246,7.689179191,7.788094174,7.910834791,8.042943652,8.177834627,8.304735911,8.446167595,8.564600059,8.65491903,8.734907122,8.753322578,9.117389305,9.314365667,9.475940816,9.665294317,9.829970703,9.944343949,10.05750791,10.16717867,10.27418502,10.37510265,10.00536407
JPN,8.34139507,8.311190767,8.257145211,8.21007518,8.187632574,8.071989183,8.112377428,8.056656087,7.972275373,7.898621102,7.855541444,7.845248349,7.825921162,7.786741639,7.74275487,7.679378987,7.654882346,7.619913196,7.577746033,7.555656273,7.512085839,7.352632909,7.48085552,7.477003855,7.49186242,7.470861644,7.441186661
KAZ,6.233199022,6.200095908,6.135212093,6.012417156,5.866523314,5.742572347,5.754179155,5.820237453,5.906887489,5.957974301,5.960164435,5.913259409,5.860757904,5.77782711,5.687649582,5.636046156,5.677132653,5.847398785,6.104710462,6.388417872,6.625049673,6.859380044,7.116033865,7.424412613,7.632766337,7.797633118,7.787866923
KEN,2.61804357,2.604432744,2.572151052,2.528964051,2.480127989,2.430417616,2.408712456,2.384014299,2.371303861,2.403459282,2.429309032,2.48149418,2.534301516,2.597346887,2.678527245,2.788361507,2.925615082,3.084426321,3.24734365,3.40300468,3.572553978,3.774080391,3.955831456,4.114715585,4.302668701,4.467747606,4.613907674
KGZ,5.465768224,5.650030873,5.78387156,5.936006375,5.988819901,6.141943832,6.307541821,6.467006976,6.601700978,6.673819021,6.642711992,6.691635253,6.687224774,6.747327493,6.813332674,6.790257722,6.779429283,6.766430827,6.788494525,6.845218995,6.787301454,6.884628855,6.917182117,6.979892326,7.119828367,7.24915742,7.364439045
KHM,2.324326774,2.385899323,2.440691037,2.477459532,2.498807708,2.559827825,2.622929625,2.710764974,2.808727042,2.9098995,3.006345182,3.140377182,3.264410151,3.39577129,3.540394572,3.702443999,3.883893244,4.053414087,4.222601553,4.36814177,4.502377729,4.659709618,4.825354899,4.959345969,5.078603752,5.201762128,5.318496437
KIR,2.368787834,2.410856046,2.464514292,2.51454638,2.586540346,2.645297545,2.740361586,2.81863811,2.899615846,2.965402402,3.042141306,3.094364151,3.144766653,3.190287859,3.235114509,3.280485911,3.326535117,3.375535678,3.422873697,3.473666706,3.513350614,3.545514748,3.599556547,3.652749084,3.703708868,3.759707475,3.808298531
KOR,8.404027445,8.562457511,8.757338728,8.892528226,9.055647066,9.19224164,9.34565863,9.474731834,9.530906698,9.588003853,9.642406354,9.68085778,9.80903577,9.923899028,10.10829937,10.29889688,10.41334918,10.44333371,10.48763441,10.51013491,10.55799816,10.5309685,10.51811137,10.47479095,10.35359165,10.2209094,10.12522297
KWT,11.06126532,12.45796256,13.26498733,12.64974063,12.42321833,12.22789619,12.00344995,11.93780369,12.12374738,12.7063804,12.82976634,12.6084664,12.98955282,13.0875164,13.01240343,12.96227779,13.10035598,13.31864553,13.50385257,13.67265858,14.32981377,14.83781413,15.09327,15.26900966,15.36247831,15.33061454,15.25408356
LAO,1.614500323,1.658332104,1.69614212,1.726711062,1.755495928,1.816289731,1.874041026,1.938819906,2.005587788,2.077647836,2.14948332,2.238425762,2.341808337,2.444661948,2.554923642,2.663977228,2.776462329,2.902151724,3.023312349,3.155612949,3.293716965,3.431306514,3.56487551,3.685607496,3.82463992,3.952769876,4.081873768
LBN,5.722317773,6.792235276,7.01464929,7.242983477,7.646208449,7.930532177,8.214720226,8.623601764,8.976047751,9.369287943,9.709385923,10.00508475,10.29872079,10.5377688,10.78137857,11.05454578,10.69967992,11.05029495,11.29143141,11.39833036,11.67147585,10.82696022,11.86422119,11.66080459,11.73311429,11.75869491,11.78191733
LBR,1.27366084,1.386078351,1.399307669,1.326888738,1.283908952,1.356948762,1.346188694,1.533565259,1.586561321,1.667942128,1.755201436,1.844849103,1.869125435,1.906830715,2.165250108,2.284906554,2.400596502,2.523108163,2.647363457,2.759843282,2.87063361,3.004549034,3.15844878,3.323709648,2.949474671,3.629950621,3.793610804
LBY,7.563713259,7.779812782,7.912394868,8.134582128,8.303182707,8.40324481,8.447117433,8.737078065,8.84195928,8.963477816,8.990895119,9.222714611,9.332368597,9.536179118,9.704414553,9.90137848,10.08877809,10.24175526,10.36850938,10.5470752,10.77600808,4.276556253,10.31340065,10.70099617,9.466998843,9.28887365,9.996108851
LCA,6.528240735,6.675684188,6.788028378,6.912021651,7.018105537,7.15306258,7.355091021,7.527073417,7.635957338,7.734457087,7.782411042,7.797185315,7.875793753,7.916439415,7.991649196,8.112518124,8.16617846,8.199457348,8.241330013,8.286895042,8.111859347,8.266786018,8.31216155,8.337906825,8.286770152,8.313175191,8.318515659
LKA,6.145149323,6.141665524,6.388860116,6.859379857,6.953949794,6.582039736,6.548376287,6.559284064,6.584260347,6.733087397,6.672435533,6.843882363,6.872079743,7.093529495,5.255253787,6.87967775,7.001006048,7.127797759,6.726311023,6.609817655,6.789632374,7.488882105,7.574518025,7.653340769,7.704322597,7.773945058,7.826990049
LSO,4.017080658,4.035551751,4.013175069,3.96075348,3.829209673,3.692834338,3.524248171,3.326473228,3.078430339,2.871514247,2.661608941,2.530918383,2.397960412,2.283412727,2.208478826,2.165530765,2.17791127,2.231354507,2.307527412,2.426554149,2.543875175,2.668828235,2.729560491,2.755614012,2.816308876,2.932066708,3.021962455
LTU,10.04767643,9.633037674,9.482523287,9.066372694,9.031973121,9.017685425,9.119384626,9.018303472,8.773879009,8.668303244,8.670050096,8.482224944,8.489832474,8.421821611,8.3244923,8.038276271,7.921187455,7.774354033,7.871329379,8.131737213,8.010943863,7.944041539,7.967539096,7.955958034,8.132554977,8.153342603,8.22081922
LUX,8.479974601,8.683829753,8.858847442,9.055473919,9.283559255,9.488375088,9.590611072,9.696881416,9.87881832,10.01163938,10.23080837,10.36944784,10.40154378,10.44158877,10.63966717,10.79624046,10.92841838,11.05925456,11.17809669,11.2281598,11.23747772,11.26646623,11.37695854,11.40894843,11.32025635,11.31885472,11.30561522
LVA,8.070868754,7.962637222,7.771508145,7.348157382,7.046423314,7.09021243,7.372291447,7.407123297,7.336924056,7.527815515,7.587904194,7.302569511,7.204303589,7.188785249,7.199746083,7.103742499,6.978934415,6.977948552,7.167627501,7.275356605,7.279494017,7.311921929,7.357207482,7.288123654,7.375957555,7.37779299,7.385275703
MDA,6.242055046,6.0116965,5.944941152,5.993184843,5.670969165,5.617394019,5.788659092,6.208315786,6.355090078,6.281675098,6.309897012,6.510822166,6.649647589,6.733773172,6.89380038,6.775179582,6.933685677,7.122106002,7.271153195,7.389793412,7.334172665,7.808390035,7.818828149,8.082982395,8.034224747,7.984205708,7.991161981
MDG,1.918822616,1.956170848,1.990210019,2.010694642,2.049948198,2.098031838,2.154468075,2.204777196,2.264643893,2.318012814,2.35265251,2.440649952,2.489630538,2.549501958,2.613574029,2.69580994,2.762322923,2.81614503,2.864690202,2.891697958,2.933791492,3.016659871,3.100289788,3.194090154,3.28187407,3.382570651,3.477297928
MDV,3.476359302,3.757994846,4.055161598,4.359960578,4.697326629,5.062258582,5.46447732,5.880490011,6.301176803,6.650564458,7.08953932,7.45966144,7.807707469,8.186814913,7.57614177,8.84729535,9.10887201,9.378044581,9.576471726,9.708840024,9.834931719,10.01138839,10.16630873,10.30965675,10.46533243,10.55797708,10.64686237
MEX,5.599686114,5.77868782,5.928824645,6.07804564,6.24975876,6.382748735,6.57994179,6.760348736,6.938161749,7.141043302,7.351985881,7.516882262,7.619612916,7.712062023,7.851088083,7.91517933,7.985643671,8.036384869,7.953155013,7.886496096,7.881501401,7.972691826,8.04492704,8.066373962,8.119939048,8.215421764,8.299911484
MHL,3.912682752,3.958043286,3.988761825,4.008797675,4.033553951,4.009080996,3.970972125,3.906877912,3.865510244,3.829935202,3.709395692,3.802510316,3.82141276,3.835593751,3.845767131,3.850258994,3.862205243,3.920500478,3.966885562,4.019879373,4.05751183,4.121328997,4.169945545,4.218921131,4.265875795,4.313421565,4.396884189
MKD,5.545140748,5.587745983,5.616057981,5.63605858,5.746578057,5.784525372,5.886439762,5.907737121,5.886028691,5.925000782,5.984936065,5.972556103,6.040313076,6.012787628,5.995704267,5.996661266,6.004279188,5.98813618,5.985234044,5.959908488,6.005892501,5.999781623,5.945316033,5.920215716,5.922896976,5.930123899,5.964588203
MLI,1.154106511,1.181806452,1.206119782,1.229408294,1.244962502,1.260106858,1.267848023,1.29256954,1.255657525,1.355865707,1.36135609,1.397957286,1.435789469,1.480174416,1.529169305,1.580754139,1.630334884,1.689264174,1.750513749,1.814079415,1.876066657,1.943676416,2.000275814,2.047177898,2.115534583,2.198055442,2.284466522
MLT,8.601963519,8.654719684,8.70643134,8.889558256,9.008752639,9.074621446,9.172647449,9.223060901,9.236095279,9.199728335,9.288548488,9.371891979,9.449951854,9.524754869,9.538025549,9.56196414,9.577185995,9.544759815,9.545234332,9.592335259,9.579180359,9.524834529,9.486057787,9.515380465,9.499753224,9.449796947,9.360292543
MMR,2.599198585,2.649116957,2.701680313,2.752263647,2.81004028,2.85237094,2.918855508,2.969156909,3.034481392,3.090036207,3.146064379,3.220802374,3.295507167,3.381098521,3.478091403,3.574492715,3.707449426,3.843294109,2.902382227,4.12695913,4.283107548,4.426871737,4.598575345,4.771581753,4.933386478,5.075643237,5.238136799
MNE,7.382819588,7.358415938,7.277236207,7.175896529,7.0536966,6.942962191,6.863772385,6.775789801,6.68520505,6.61474742,6.615249637,6.663150299,6.712299793,6.732947347,6.755706678,6.782070359,6.823520443,6.903452014,6.986664609,7.015670926,7.033833522,7.011939035,6.994284756,6.99410117,6.992553581,6.989932776,6.97896694
MNG,3.32508611,3.495335934,3.654911448,3.819175635,3.991410631,4.12376115,4.266893568,4.466092526,4.664290048,4.926690333,5.18507371,5.474301734,5.790248073,6.082807478,6.362631467,6.633176556,6.941426399,7.217458187,7.432038347,7.581018579,7.734166306,7.757624364,7.821739518,7.896950548,7.96488124,7.968482824,8.01021269
MNP,8.916045303,9.146817131,9.315598707,9.467354463,9.609079135,9.6993221,9.819545073,9.917340978,10.01460248,10.22773118,10.39463144,10.45505329,10.53637811,10.61482822,10.60890698,10.5764436,10.76003228,10.72903485,10.82721303,10.77217222,10.78496755,10.66915733,10.57947115,10.48318349,10.38952078,10.34093966,10.38026476
MOZ,1.51457718,1.552611884,1.578107442,1.603633427,1.62846118,1.636943234,1.652296265,1.668143147,1.686591545,1.709284341,1.728429967,1.7687323,1.799370243,1.834191608,1.868043052,1.896274571,1.928944109,1.9695796,2.028209418,2.081631168,2.140567037,2.21645045,2.300153913,2.413542241,2.569168687,2.716140014,2.869558102
MRT,2.56667079,2.652835884,2.700206991,2.744934367,2.779123677,2.84094475,2.873978337,2.955760947,3.010891084,3.079059953,3.145457027,3.215904476,3.292968639,3.371946296,3.445574467,3.511544312,3.661601361,3.785321446,3.920228658,4.045754767,4.188975959,4.334092693,4.49298257,4.649572816,4.817787995,4.984138438,5.143807933
MUS,7.108738329,7.194355828,7.200945553,7.232297546,7.263752047,7.297050156,7.287130417,7.279028683,7.206703111,7.185635372,7.156909715,7.209176161,7.234083123,7.267693622,7.319524073,7.347575091,7.359873484,7.332077088,7.330895765,7.308657145,7.269486575,7.309197443,7.294802779,7.287854044,7.237740166,7.229148518,7.194290587
MWI,1.266659789,1.26500574,1.270690158,1.276019461,1.281905233,1.288102646,1.292251941,1.300870134,1.306900567,1.319983017,1.352494943,1.395646793,1.436035849,1.504773181,1.565608013,1.628146825,1.688312845,1.755720496,1.830403761,1.914376331,2.003595802,2.131760342,2.281173715,2.428578246,2.569816247,2.71946395,2.87104919
MYS,7.38886007,7.517766047,7.619920828,7.692368043,7.804625757,7.897806886,8.044129791,8.15632765,8.277425097,8.36266753,8.56043382,8.701049183,8.771917809,8.827306777,8.90770653,8.995200743,9.056682748,9.051371127,9.049779542,9.031231276,9.03571144,9.03471732,9.035267805,9.066340918,9.088788409,9.160922941,9.215310427
NAM,3.657477632,3.727429851,3.78216222,3.818941188,3.717099776,3.711763267,3.601500318,3.458183977,3.28292136,3.099057753,2.910087391,2.820742288,2.719186414,2.656928004,2.636033225,2.672355,2.78446762,2.970532736,3.157289418,3.330013448,3.524678422,3.765179842,4.068917629,4.273286797,4.520999749,4.714996482,4.866618248
NER,1.018570437,1.03426531,1.053110242,1.071317402,1.097576299,1.110432503,1.146316596,1.183694858,1.224577546,1.263805895,1.302384993,1.348282916,1.403532793,1.460682913,1.5278111,1.592642293,1.660607753,1.735575534,1.81304295,1.884550269,1.96171687,2.033563918,2.10799099,2.188744114,2.273806621,2.352746413,2.440061732
NGA,1.727742984,1.718830608,1.733486422,1.74180321,1.75611346,1.764752136,1.768939322,1.806824954,1.822835796,1.844367989,1.869293892,1.887369862,1.900845256,1.933796901,1.98155651,2.033284915,2.091355697,2.163631591,2.234760437,2.308709753,2.390813371,2.467959939,2.542318313,2.622804776,2.701012538,2.871466399,3.034770736
NIC,5.149848849,5.339114077,5.434143162,5.548093169,5.805483316,5.990618608,6.248810017,6.488954887,5.813391715,6.978935018,7.261989441,7.540752013,7.781476464,7.997889109,8.211283152,8.469129861,8.731134259,8.872353037,9.116198487,9.260471163,9.391187904,9.549463938,9.644390693,9.727984381,9.833316406,9.971470501,10.12988249
NLD,9.262178963,9.357672887,9.414522213,9.425005147,9.5378912,9.590688423,9.650304771,9.735625193,9.75326814,9.742526631,9.766520981,9.802306985,9.827269377,9.891662349,10.0160269,10.10976122,10.2078049,10.28440123,10.31980952,10.34958991,10.36000294,10.31622904,10.24802633,10.25622387,10.22564312,10.17446282,10.0376451
NOR,9.466106131,9.707016734,9.847405301,9.984429278,10.23661424,10.42620084,10.62577327,10.73587636,10.85359228,10.96166389,11.14967807,11.31500443,11.3650618,11.48844733,11.63920768,11.69888742,11.73141893,11.73413355,11.76905331,11.79664771,11.80784498,11.89204906,12.03033855,12.162787,12.30391483,12.37020491,12.39684507
NPL,2.228395555,2.31635249,2.441671981,2.534015249,2.670806385,2.791606229,2.933439728,3.08611731,3.216301857,3.368511934,3.52717814,3.690427217,3.76316556,3.994036552,4.135248718,4.30912605,4.486441385,4.647590038,4.795250606,4.94787401,5.102979731,5.227575177,5.373292882,5.513584552,5.662697332,5.561616683,6.043901457
NZL,10.22133219,10.4063415,10.53940059,10.68520648,10.81766253,10.92561074,11.04581009,11.23822776,11.3854791,11.49162422,11.61586003,11.68201498,11.82345119,11.96512445,12.08032369,12.21142661,12.18127265,12.15620602,12.11735049,12.15173836,12.20801435,12.14002962,12.21260245,12.26339283,12.21737011,12.09508353,12.01229664
OMN,5.274470897,5.68621388,6.126517939,6.58815879,7.001532736,7.385283412,7.718248871,8.049016474,8.379500394,8.743717417,9.052291648,9.40027185,9.742074214,10.04129897,10.46329909,10.95041963,11.23025278,11.21563238,11.40678045,11.41666255,11.4898561,11.76992924,12.09228571,12.36184777,12.58378606,12.72130551,12.71213547
OWID_WRL,4.518111678,4.594717358,4.701521312,4.776912031,4.796585043,4.916953853,4.998847972,5.081636609,5.157554027,5.223445705,5.307538399,5.386085364,5.455142221,5.541303129,5.605199098,5.706642441,5.80661224,5.895019565,5.955381281,6.069389718,6.125244376,6.255117612,6.360683009,6.464416371,6.557462997,6.667978787,6.773637805
PAK,2.599065989,2.687796047,2.76219173,2.834295581,2.907771977,2.96859661,3.067826121,3.157334585,3.266259373,3.366554354,3.460135367,3.545842191,3.632243901,3.710484732,3.791500708,3.639878157,3.95427345,4.034820324,4.113196271,4.193020711,4.291304551,4.393034345,4.501343385,4.641923866,4.798717032,4.985455405,5.161079059
PAN,7.015070894,7.036751738,7.043276991,6.91812417,7.164157577,7.207626933,7.267164583,7.333371576,7.445846863,7.56652294,7.720230336,7.813511807,7.881081798,7.924300429,7.945359627,7.961981494,7.929205817,7.886218984,7.852221389,7.836056682,7.83813678,7.860482087,7.883441842,7.953748644,8.024823403,8.15987277,8.296354057
PER,4.539207522,4.615562171,4.917462457,5.139256918,5.410581824,5.677088181,5.98910918,6.276235395,6.587956436,6.969406217,7.262681227,7.52710158,7.771122376,7.941353485,8.079327723,8.218102259,8.345351995,8.37336487,8.474136352,8.435328359,8.471463569,8.519786922,8.629443467,8.75520822,8.920387024,9.025154181,9.178759511
PHL,4.508782668,4.609107709,4.827445459,4.886432055,5.005271798,5.051247483,5.091358392,5.024096178,4.995369567,4.957286428,4.943306013,4.963093162,4.967357796,4.963167378,4.948673701,4.973192501,4.981787496,5.054088513,5.087941949,5.123386938,5.180283249,5.233463844,5.284887653,5.314613346,5.473552219,5.567469572,5.625732595
PNG,2.360505935,2.363152997,2.405874583,2.451955742,2.500090605,2.533347537,2.581750845,2.605761977,2.514395008,2.645787218,2.661269851,2.673526497,2.686547229,2.698586841,2.70990391,2.736940052,2.771491235,2.809446785,2.874253506,2.923693884,2.981572465,3.044792931,3.091854238,3.174211421,3.243950933,3.309824477,3.37767012
POL,5.86259927,5.89693357,6.060190959,6.229618851,6.286007561,6.401225634,6.540505755,6.644065799,6.763348714,6.800225542,6.981410784,7.113484066,7.183093616,7.23412908,7.247122874,7.290174062,7.286981675,7.227769054,7.219436527,7.20675255,7.307193045,7.273219659,7.232651016,7.255394696,7.31989025,7.325451833,7.35518138
PRI,8.246057114,8.251251625,8.271582947,8.392911624,8.372111565,8.688103786,8.908409551,9.506608027,9.870446366,9.917039237,10.07092553,10.04841522,10.03635995,9.958461062,9.799364484,9.73792113,9.706929355,9.626031822,9.527982871,9.451720612,9.344141286,9.333392308,9.326873682,9.367462156,9.328591838,9.367946322,9.417589402
PRK,6.547312498,6.502885931,6.431684996,6.331422516,6.185896207,3.645633966,3.621794411,3.596816643,3.570502045,3.550082933,3.540411379,3.556361886,3.582251209,5.371145952,5.402025292,5.430348536,5.462603327,5.48125911,5.517678818,5.522047774,5.527536375,5.549253774,5.567624443,5.588240517,5.617555724,5.63562767,5.642799356
PRT,7.977318314,8.024034702,8.117441436,8.158154505,8.249248088,8.238790881,8.271424782,8.387431555,8.464197761,8.532181468,8.664938141,8.737844812,8.831154495,8.925671509,9.130116717,9.15461831,9.242914378,9.25389929,9.286967562,9.313483428,9.338426397,9.339649522,9.310684947,9.307969526,9.328620819,9.269732747,9.235118132
PRY,7.383817653,7.492658243,7.538838941,7.675453638,7.780069328,7.871515481,7.925188034,7.990363779,8.021946258,8.067482657,8.099553125,8.141410218,8.215898433,8.304723399,8.255615133,8.458214393,8.543207237,8.628331731,8.709100778,8.732250047,8.808972301,8.903614245,8.970741058,9.045834692,9.129822589,9.232503244,9.322995942
PSE,6.855881708,6.98414186,7.196143514,7.430441134,7.780389713,8.072806841,8.286427243,8.447139566,8.605786057,8.731370677,8.543431896,8.763266533,8.570861361,8.638221022,8.739216966,8.975788013,8.859066456,8.835661024,8.760526428,8.515061774,8.795332568,8.725649465,8.67118462,8.724543716,7.827407448,8.795197103,8.929814028
QAT,11.84173483,11.84693821,11.93392581,11.94023718,11.98537495,12.05100911,11.94132466,11.8849444,11.86619753,11.80685283,11.84740399,11.95914446,11.94758934,12.02614407,12.2799992,12.54695025,13.4295407,14.16343845,14.74993014,15.16088413,15.66696019,15.98675265,16.14122998,16.29729206,16.29991594,16.4099665,16.23573322
ROU,5.593745217,5.767539045,5.676388547,5.660582477,5.625073947,5.615290707,5.603686166,5.616802865,5.682834787,5.731758178,5.742366492,5.647396492,5.617256318,5.590664644,5.603718102,5.591875763,5.590542222,5.55677866,5.436473769,5.380786351,5.399709363,5.531181672,5.490767887,5.483448643,5.433453783,5.467131234,5.516549605
RUS,8.581384475,8.726164006,8.728366526,8.393972785,8.311114442,8.52515923,8.810881219,9.074697025,9.183463013,8.876018605,8.895739774,9.014724387,8.979441726,8.999854059,9.018921609,8.944216489,9.068820527,8.993044814,8.856313965,8.910960912,8.840542638,8.842574783,8.881120981,8.897825075,8.889273983,8.902610648,8.936745761
RWA,1.626987586,1.608979993,1.582973645,1.569530163,0.307194755,1.481468266,1.602384941,1.59637032,1.706541359,1.8098944,1.907047404,1.988616442,2.136197574,2.264417555,2.434711876,2.638205211,2.86875469,3.100041326,3.351234832,3.519814094,3.847688698,4.082298813,4.317826757,4.540803856,4.740773688,4.937158704,5.146433823
SAU,5.514752082,5.809860097,6.074432565,6.33443101,6.595060574,6.848416239,7.109404654,7.319354597,7.55534709,7.790568464,8.075531116,8.371639238,8.659168594,8.958126139,9.243543889,9.589316734,9.885986736,10.18294818,10.48065315,10.72488087,11.01752887,11.25710295,11.47041748,11.74838859,11.9788646,11.86950337,12.29719476
SDN,2.966657762,3.072131405,3.130907818,3.224724188,3.273842904,3.33294162,3.380430244,3.444068907,3.505584834,3.562514065,3.726051843,3.867002579,4.010364501,4.06065806,4.176184998,4.405563273,4.52097303,4.659450446,4.773526701,4.856123039,4.923770942,5.004928145,5.160962969,5.2970755,5.548864851,5.773266474,5.935450384
SEN,1.99083654,2.035630356,2.067155739,2.100520295,2.139905034,2.173406551,2.20776191,2.274905721,2.323930721,2.378161414,2.465546662,2.534934111,2.579964971,2.685265204,2.758343723,2.818976296,2.912141067,3.0194066,3.12529885,3.233545561,3.339224614,3.470550633,3.605866567,3.740531988,3.892343213,4.036004207,4.175597419
SGP,9.839523252,10.14044067,10.32361926,10.47205375,10.50568628,10.55137687,10.59973763,10.71749942,10.80200143,10.84410508,10.90475957,10.92471907,10.9167331,10.90363144,10.90052425,10.90071886,10.87613745,10.87083742,10.93457891,10.9712493,10.99081821,10.86869482,10.86987452,10.82775613,10.81370588,10.82503118,10.77312257
SLB,3.217937048,3.225495332,3.326218602,3.373949889,3.433553381,3.476948169,3.526097982,3.560528124,3.589215886,3.604775367,3.594168978,3.574134723,3.549685212,3.524000349,3.522207618,3.518961449,3.546481952,3.530635217,3.625534213,3.638301972,3.716607959,3.776422682,3.843745016,3.901941011,3.920568791,4.026023529,4.092337688
SLE,1.407446634,1.401142646,1.422714894,1.441086407,1.416723369,1.412076834,1.496758228,1.502539479,1.435053066,1.460813999,1.568102624,1.619196598,1.658268152,1.702472201,1.742385092,1.778069649,1.814265635,1.855332579,1.914410311,1.970889381,2.046247176,2.127586894,2.216212029,2.343107413,2.107948079,2.441649481,2.621298687
SLV,6.405203844,6.651116229,7.07128331,7.277580948,7.395172266,7.526492835,7.6280536,7.814854079,7.835312896,8.058259758,8.182408451,7.996965215,8.389262058,8.457198359,8.526888793,8.596934144,8.73506226,8.820682929,8.895556107,8.824128633,8.921234871,8.983279806,9.11909741,9.247801974,9.313967225,9.354879868,9.455654652
SOM,1.828731982,1.731624989,1.808902761,1.919509375,1.889751017,1.947598478,1.961910589,1.967251863,2.052475238,2.083978727,2.123847401,2.183624544,2.235669014,2.299927974,2.345531282,2.420333755,2.448426308,2.465078339,2.563988728,2.610386518,2.342227887,2.386479487,2.779737654,2.911511356,2.986392923,3.056102926,3.054155333
SRB,6.124973125,5.811324178,5.88334108,6.01645787,5.922048671,5.461446958,5.770743709,5.748268109,5.487641562,5.28110915,5.545107701,5.582539033,5.576878416,5.581815102,5.612658294,5.668579297,5.72040133,5.765558196,5.807955491,5.80499092,5.809726085,5.808903309,5.843583063,5.88461364,5.900544658,5.925870388,5.964156066
SSD,1.233329927,1.252452816,1.278925731,1.26432972,1.360927626,1.387384722,1.417766527,1.456872564,1.504315354,1.597967266,1.619029472,1.645591948,1.687015943,1.770742823,1.792768613,1.848512162,1.871088454,1.91984622,1.973487203,1.989045501,2.057986709,2.072402238,2.121720928,2.152387028,2.182981461,2.217511538,2.301378412
STP,2.52366596,2.594619893,2.638842262,2.684459954,2.727406114,2.766223195,2.814779825,2.868666996,2.942794842,3.028974178,3.146142233,3.271372249,3.392034199,3.531201408,3.65943156,3.647438798,3.903553277,4.06759032,4.176590686,4.417179109,4.564519237,4.714273995,4.815805326,4.985171746,5.147325668,5.326825551,5.49197413
SUR,6.085552587,6.169586871,6.201631484,6.200602548,6.241404398,6.311562917,6.39200469,6.444942713,6.4579269,6.446004139,6.415835164,6.392789935,6.4192157,6.450535697,6.508518777,6.558882858,6.642078649,6.734679293,6.787027231,6.920492916,6.999887586,7.089733358,7.171903533,7.221390194,7.274066161,7.332617665,7.396011826
SVK,5.714912117,5.772368953,5.901585841,6.054900089,6.166342593,6.224961102,6.336017707,6.330216523,6.314891732,6.372989585,6.44431713,6.491818373,6.531024351,6.516150747,6.53702173,6.506874784,6.510360016,6.482874277,6.51915651,6.523789652,6.591832558,6.63576453,6.692380466,6.735324686,6.769423214,6.726037634,6.720078956
SVN,6.945468597,6.938646601,7.009214326,7.047482071,7.169081695,7.297951248,7.35579137,7.412652679,7.425407898,7.460937854,7.574866335,7.612569647,7.669247409,7.595897894,7.632442024,7.662565716,7.69617041,7.732161511,7.856404743,7.914306142,7.992644988,8.04719187,8.053771961,8.092083948,8.189848516,8.113161716,8.046231956
SWE,9.076532601,9.139536875,9.257920097,9.370624014,9.453909048,9.636223758,9.757760067,9.894529197,9.955216012,10.00410626,10.05701139,10.10731208,10.17271474,10.23325714,10.28484532,10.37403589,10.45983336,10.53814398,10.61852664,10.70931111,10.80973354,10.85924773,10.86002931,10.89934564,10.96681651,10.94937662,10.87847783
SWZ,3.971103272,4.049380111,4.064743375,4.061434869,3.885198228,3.599245843,3.299851932,3.044559321,2.773529472,2.538644435,2.302587469,2.134998341,2.034353284,1.950462893,1.893030315,1.857654561,1.91205549,1.988618796,2.031778582,2.118431158,2.238954874,2.44632023,2.625211751,2.792855103,3.004262489,3.324752909,3.499060528
SYC,5.629862298,5.679111338,5.732804218,5.720608939,5.864902338,6.031979489,6.060539834,6.111771222,6.153254156,6.199415556,6.24872565,6.328386803,6.388814007,6.445108603,6.515416305,6.598203047,6.694196768,6.741855514,6.789764395,6.800969899,6.791942392,6.769034199,6.76320478,6.740971167,6.689259324,6.677578857,6.684442954
SYR,5.815809765,6.056511413,6.352068279,6.611256497,6.88980128,7.174748986,7.492739258,7.771756921,8.051808055,8.335884353,8.654357064,8.940324939,9.164203197,9.388648182,9.517949048,9.650976699,9.724008958,9.845327321,9.987701436,10.15511869,10.3641854,9.126039921,5.713239725,5.887764869,5.376427511,5.784652441,5.836079234
TCD,1.512031525,1.516610753,1.540763235,1.560786754,1.56574369,1.575529635,1.567146635,1.573311581,1.574843094,1.595233826,1.590090997,1.615165527,1.637447543,1.658679487,1.694884847,1.751925236,1.772010238,1.840034596,1.877399402,1.934365579,1.991787617,2.037827845,2.108618321,2.174786583,2.233883793,2.287812732,2.361459317
TGO,2.044835285,2.068960397,2.102394663,2.121606933,2.139654327,2.171818799,2.196914317,2.200692422,2.225733294,2.271129369,2.288593899,2.301912981,2.334808751,2.354030206,2.410753459,2.434983181,2.517433164,2.56808489,2.635815416,2.731759166,2.839431406,2.996059971,3.135406561,3.267758638,3.399280825,3.543500663,3.675869355
THA,6.16278974,6.249028231,6.279880691,6.256391909,6.223800679,6.204196777,6.243101269,6.318796649,6.378442233,6.476634546,6.60852237,6.759626003,6.909051074,7.08683734,7.085000812,7.402103276,7.541635399,7.649607124,7.73827674,7.794327489,7.855707766,7.86629444,7.884218101,7.866480816,7.851703923,7.828707634,7.824642258
TJK,2.907682737,3.014653825,2.722532411,3.035323402,3.146498705,3.231473368,3.172010258,3.504260283,3.616692525,3.853548639,4.047129792,4.241150566,4.440783879,4.65405628,4.869079117,5.071352044,5.271330455,5.428260104,5.532060294,5.62616701,5.663762552,5.730884788,5.800934671,5.875890815,5.942832698,6.009394353,6.088625662
TKM,3.250805587,3.289407051,3.332392463,3.362085972,3.472138554,3.577552236,3.697377904,3.817521051,3.950784804,4.05972252,4.191396785,4.320858072,4.432702634,4.550784749,4.658199077,4.779337378,4.913138057,5.057853412,5.206386315,5.357975961,5.491651477,5.631642126,5.759303435,5.865391276,5.989375762,6.098906301,6.21819035
TLS,2.233371362,2.30310147,2.430764758,2.523948578,2.656164591,2.718049755,2.921181184,2.805441727,2.873204664,2.207178894,3.312646064,3.543149474,3.732133989,3.867699813,4.02363924,4.147387333,4.257576055,4.331027966,4.44275647,4.517874097,4.637928256,4.829135118,5.040916027,5.231129353,5.3762381,5.528681508,5.66679146
TON,4.510976887,4.541698998,4.559886461,4.556716328,4.562628574,4.568347926,4.594144399,4.638050748,4.666475969,4.676149635,4.693176546,4.725418611,4.736176014,4.741150039,4.764776405,4.805958212,4.848032741,4.871625802,4.88309481,4.380616384,4.947057802,4.987589824,5.025990625,5.068333716,5.113845261,5.16411343,5.214879971
TTO,6.452580233,6.559397878,6.557949002,6.606130657,6.595550408,6.597549758,6.574142316,6.580516635,6.60488428,6.523894444,6.528310061,6.591882867,6.661224636,6.808334375,6.945709349,6.977143046,7.039187681,7.123674362,7.160587072,7.187968878,7.173556875,7.176035126,7.181100852,7.196955575,7.18356427,7.163328143,7.139472801
TUN,6.526496962,6.824216442,7.086698225,7.323570247,7.599266435,7.851796715,8.168742872,8.458041341,8.687939715,8.917143131,9.084776471,9.240975608,9.358235146,9.419058383,9.522705667,9.612636522,9.677202809,9.703464765,9.752520319,9.758825755,9.802553814,9.786871551,9.876982249,9.924364478,9.982597266,9.99206914,10.07209411
TUR,5.286183229,5.475870648,5.652944709,5.801869519,5.8873233,5.984280488,6.199238976,6.450111135,6.759060935,6.607136589,7.433850924,7.742576008,8.047598685,8.189603497,8.55472376,8.830992341,9.126683654,9.466302012,9.789571041,9.59076859,9.685031292,9.659662458,9.806169705,9.742813048,9.857836718,9.920764026,9.992987795
TWN,7.841744816,7.982793944,8.04255598,8.069867633,8.065799769,7.973028047,8.008647889,8.118901913,8.184740831,8.077331434,8.351334464,8.470653398,8.5747751,8.642698686,8.62574412,8.612928373,8.679392653,8.709514466,8.755100717,8.767281122,8.834142754,8.789511696,8.775185188,8.772904018,8.703270599,8.650891343,8.58516505
TZA,1.777909319,1.789445846,1.783001405,1.79281466,1.790005968,1.796956697,1.815084949,1.832571801,1.878438598,1.912654716,1.963152596,2.022266154,2.077729874,2.140711238,2.202969199,2.268923789,2.349095645,2.456866378,2.572113789,2.671680999,2.783624832,2.915496523,3.062552259,3.241888406,3.423218349,3.613564518,3.817549052
UGA,1.555852975,1.553260686,1.55587167,1.560842341,1.581806012,1.603900071,1.636740684,1.683961736,1.726049591,1.794078176,1.852832287,1.919249297,1.980973342,2.04921503,2.12457229,2.215603034,2.291449087,2.356695257,2.440352619,2.537263665,2.623477872,2.754099476,2.901177942,3.076593437,3.250240027,3.427612778,3.57752496
UKR,8.08194153,7.92024327,7.778251801,7.634907258,7.453012853,7.201715689,7.253474583,7.386703673,7.593102363,7.476148295,7.378322278,7.408107581,7.411778255,7.388967841,7.343792523,7.212861754,7.392815351,7.329528044,7.377006739,7.778502838,7.992704131,8.158738948,8.13518645,8.163660477,8.286110895,8.306242347,8.301495334
URY,6.665770844,6.676944123,6.750022305,6.765304213,6.854141916,6.86633032,6.965217169,7.089881867,7.225622437,7.34304208,7.49836081,7.534995137,7.558142802,7.53385517,7.641829226,7.761411667,7.849700478,7.844498861,7.94465725,8.021042515,8.02997174,8.042690853,8.04807765,8.133108857,8.223169143,8.256082821,8.301177934
USA,11.11872125,11.18745749,11.26444129,11.26726651,11.2977734,11.36209767,11.62007442,11.90415708,12.05013183,12.16755089,12.31797411,12.40877758,12.52994588,12.6405814,12.77767047,12.86991256,13.01115729,13.09714337,13.16952514,13.24967631,13.29276564,13.32711649,13.31807353,13.27174492,13.22136885,13.06815996,12.95544724
UZB,4.344229879,4.397803089,4.393549589,4.393203954,4.390148028,4.416845832,4.492498541,4.609064215,4.73962528,4.850097145,4.934459629,5.00031102,5.024756826,5.047505733,5.103839654,5.160901138,5.197601906,5.272996952,5.339867786,5.407225274,5.475303131,5.529845942,5.569678854,5.624269652,5.678572861,5.760025565,5.835223212
VCT,6.769145527,6.83202909,6.868984809,6.88356209,6.853972603,6.832429742,6.873572842,6.985323679,7.0010344,6.93078368,6.855854196,6.989232916,6.989298795,7.182111323,7.258097821,7.342485032,7.415111981,7.472638704,7.550202702,7.566398511,7.497264864,7.443987991,7.380219376,7.19011164,7.218969288,7.250417046,7.289601137
VEN,6.471759243,6.503119729,6.602234948,6.705761135,6.678800183,6.7551495,6.902178077,7.087877843,7.153960464,5.547502731,7.192183696,7.199124288,7.166066872,7.075138523,7.258957534,7.339818442,7.274781093,7.219924506,7.170832576,7.17600941,7.293389848,7.265613577,7.200526266,7.254731895,7.288378682,7.294685742,7.318976098
VIR,8.545122618,8.526389798,8.504938995,8.461024517,8.401150818,8.307350553,8.386665862,8.336019288,8.294148086,8.24779092,8.200546591,8.150988412,8.110178191,8.035793808,7.974149157,7.918758586,7.845938854,7.740770552,7.669476586,7.56873237,7.456062253,7.390849194,7.305110843,7.213778009,7.131357975,7.046312519,7.020854103
VNM,4.651451563,4.788203317,4.943701813,5.081780964,5.219520113,5.361027485,5.5073347,5.61291468,5.787158482,5.90008786,6.022004016,6.141019,6.241107896,6.313977213,6.384904317,6.450124044,6.536118603,6.614964369,6.683146211,6.741783347,6.820637836,6.899768174,6.976685521,7.043280434,7.108020889,7.151412981,7.221099326
VUT,3.202632023,3.266264591,3.31616963,3.364572339,3.402462783,3.430873698,3.45164144,3.214686383,3.482691561,3.377589123,3.503159142,3.515084981,3.510206702,3.517245579,3.523098432,3.531132137,3.566632069,3.598772879,3.638923313,3.670757594,3.679217659,3.725946952,3.770218247,3.805174467,3.809645526,3.840442509,3.906260399
WSM,5.269755631,5.25539692,5.400969874,5.456328204,5.513954575,5.558180012,5.601461478,5.653033237,5.704581112,5.695411081,5.71606229,5.752437038,5.793371497,5.819725161,5.832571048,5.849711858,5.883143925,5.87492005,5.911159223,5.041666149,5.924060296,5.917040087,5.850640742,5.940726012,5.95944086,5.980477152,6.052714131
YEM,2.242077666,2.300722047,2.367195159,2.447584339,2.508769859,2.630187927,2.722762483,2.844289146,2.963978733,3.099458805,3.237926241,3.382778904,3.536846211,3.703399049,3.891983198,4.076952625,4.264745354,4.357385385,4.49925469,4.649890073,4.77782162,4.828193389,4.953242019,5.207738141,5.383518029,5.087095184,5.04277339
ZAF,5.024185879,5.17935868,5.242071365,5.38206879,5.384863523,5.327841189,5.118086364,4.829833558,4.503640603,4.117841019,3.717098047,3.500722178,3.292559612,3.114815486,2.982748309,2.887769803,2.837032428,2.839409115,2.876739718,2.960019833,3.083728967,3.273168805,3.508046932,3.76055135,3.970306964,4.146553208,4.224864111
ZMB,1.564960428,1.530667984,1.508712291,1.511156943,1.502032103,1.49020303,1.484767654,1.48608363,1.479749715,1.472103943,1.481030999,1.470710531,1.534887352,1.5658715,1.617371332,1.674325585,1.730890629,1.812698564,1.930589726,2.041164767,2.163779108,2.290225098,2.42858533,2.592667343,2.765532124,2.949620025,3.065188251
ZWE,3.225879876,3.13051231,2.957098316,2.773363442,2.622205441,2.445892596,2.347519021,2.250004416,2.149767015,2.066031546,2.005786678,1.98616167,1.956478341,1.953529103,1.946630705,1.973078818,1.996663448,2.03871819,2.02836954,2.076756852,2.255953506,2.457074276,2.6853659,2.865037713,3.057535931,3.267720511,3.442494275
(blank),184.3780171,187.2418375,190.0543327,192.2740043,194.5359758,197.4836611,201.0812006,204.7713848,207.628464,210.0737069,213.6429936,216.1148188,218.1917523,220.182251,222.4537911,225.2574906,227.7502431,229.7187922,231.2501051,233.6084602,231.7573897,237.279071,239.4913765,241.4496097,243.1374519,244.7080039,246.1049541